Costume,Candy
Spiderman,LaffyTaffy
Spiderman,Snickers
SheHulk,Butterfinger
Spiderman,LaffyTaffy
CaptainAmerica,KitKat
BlackPanther,KitKat
BlackPanther,KitKat
SheHulk,KitKat
Spiderman,Snickers
Spiderman,LaffyTaffy
SheHulk,KitKat
ScarletWitch,KitKat
SheHulk,Butterfinger
SheHulk,Butterfinger
CaptainAmerica,Snickers
BlackPanther,Snickers
BlackPanther,Snickers
SheHulk,KitKat
Spiderman,Twix
SheHulk,Butterfinger
ScarletWitch,KitKat
CaptainAmerica,Butterfinger
SheHulk,Butterfinger
Spiderman,Twix
SheHulk,KitKat
Spiderman,Twix
Spiderman,Twix
ScarletWitch,Snickers
SheHulk,KitKat
ScarletWitch,Snickers
CaptainAmerica,Twix
SheHulk,Twix
ScarletWitch,Butterfinger
Spiderman,Snickers
BlackPanther,ReesesPBcup
BlackPanther,ReesesPBcup
CaptainAmerica,ReesesPBcup
BlackPanther,ReesesPBcup
ScarletWitch,LaffyTaffy
BlackPanther,Twix
BlackPanther,Twix
Spiderman,Snickers
BlackPanther,ReesesPBcup
BlackPanther,ReesesPBcup
CaptainAmerica,Snickers
BlackPanther,Twix
BlackPanther,Twix
SheHulk,ReesesPBcup
CaptainAmerica,ReesesPBcup
ScarletWitch,Twix
SheHulk,Twix
ScarletWitch,Snickers
ScarletWitch,LaffyTaffy
CaptainAmerica,Twix
BlackPanther,Twix
BlackPanther,LaffyTaffy
ScarletWitch,Twix
SheHulk,Twix
CaptainAmerica,LaffyTaffy
ScarletWitch,LaffyTaffy
CaptainAmerica,Twix
Spiderman,Twix
ScarletWitch,LaffyTaffy
ScarletWitch,Snickers
BlackPanther,Twix
BlackPanther,Twix
SheHulk,ReesesPBcup
CaptainAmerica,ReesesPBcup
Spiderman,Snickers
BlackPanther,Twix
BlackPanther,Twix
CaptainAmerica,ReesesPBcup
Spiderman,Snickers
SheHulk,ReesesPBcup
CaptainAmerica,LaffyTaffy
Spiderman,KitKat
ScarletWitch,KitKat
CaptainAmerica,Butterfinger
SheHulk,Butterfinger
BlackPanther,Snickers
BlackPanther,LaffyTaffy
Spiderman,Snickers
ScarletWitch,Butterfinger
ScarletWitch,Butterfinger
SheHulk,KitKat
CaptainAmerica,KitKat
BlackPanther,Butterfinger
BlackPanther,Butterfinger
CaptainAmerica,Snickers
Spiderman,Snickers
ScarletWitch,Butterfinger
CaptainAmerica,LaffyTaffy
SheHulk,Butterfinger
CaptainAmerica,KitKat
BlackPanther,Snickers
BlackPanther,LaffyTaffy
SheHulk,ReesesPBcup
ScarletWitch,Butterfinger
ScarletWitch,ReesesPBcup
Spiderman,KitKat
ScarletWitch,Butterfinger
SheHulk,LaffyTaffy
Spiderman,LaffyTaffy
SheHulk,Snickers
Spiderman,Twix
Spiderman,Snickers
SheHulk,Butterfinger
Spiderman,Twix
CaptainAmerica,KitKat
BlackPanther,KitKat
BlackPanther,KitKat
SheHulk,KitKat
Spiderman,Snickers
Spiderman,Twix
SheHulk,KitKat
ScarletWitch,KitKat
SheHulk,Butterfinger
SheHulk,Butterfinger
CaptainAmerica,Snickers
BlackPanther,Snickers
BlackPanther,Snickers
SheHulk,KitKat
Spiderman,Twix
SheHulk,Butterfinger
ScarletWitch,KitKat
CaptainAmerica,Butterfinger
SheHulk,Butterfinger
Spiderman,Twix
SheHulk,KitKat
Spiderman,Twix
Spiderman,Twix
ScarletWitch,Snickers
SheHulk,KitKat
ScarletWitch,Snickers
CaptainAmerica,Twix
SheHulk,Twix
ScarletWitch,ReesesPBcup
Spiderman,Snickers
SheHulk,ReesesPBcup
SheHulk,ReesesPBcup
CaptainAmerica,ReesesPBcup
ScarletWitch,ReesesPBcup
ScarletWitch,LaffyTaffy
BlackPanther,ReesesPBcup
BlackPanther,ReesesPBcup
Spiderman,Snickers
ScarletWitch,ReesesPBcup
SheHulk,ReesesPBcup
CaptainAmerica,Snickers
BlackPanther,ReesesPBcup
BlackPanther,ReesesPBcup
SheHulk,ReesesPBcup
CaptainAmerica,ReesesPBcup
ScarletWitch,Twix
SheHulk,Twix
ScarletWitch,Snickers
ScarletWitch,LaffyTaffy
CaptainAmerica,Twix
BlackPanther,ReesesPBcup
BlackPanther,LaffyTaffy
ScarletWitch,Twix
SheHulk,Twix
CaptainAmerica,LaffyTaffy
ScarletWitch,LaffyTaffy
CaptainAmerica,Twix
Spiderman,Twix
ScarletWitch,LaffyTaffy
ScarletWitch,Snickers
BlackPanther,ReesesPBcup
BlackPanther,ReesesPBcup
SheHulk,LaffyTaffy
CaptainAmerica,ReesesPBcup
Spiderman,ReesesPBcup
BlackPanther,Twix
BlackPanther,Twix
CaptainAmerica,ReesesPBcup
Spiderman,ReesesPBcup
SheHulk,LaffyTaffy
CaptainAmerica,LaffyTaffy
Spiderman,KitKat
ScarletWitch,KitKat
CaptainAmerica,Butterfinger
SheHulk,Butterfinger
BlackPanther,Snickers
BlackPanther,LaffyTaffy
Spiderman,ReesesPBcup
ScarletWitch,ReesesPBcup
ScarletWitch,ReesesPBcup
SheHulk,KitKat
CaptainAmerica,KitKat
BlackPanther,Butterfinger
BlackPanther,Butterfinger
CaptainAmerica,Snickers
Spiderman,ReesesPBcup
ScarletWitch,ReesesPBcup
CaptainAmerica,LaffyTaffy
SheHulk,Butterfinger
CaptainAmerica,KitKat
BlackPanther,Snickers
BlackPanther,LaffyTaffy
SheHulk,LaffyTaffy
ScarletWitch,ReesesPBcup
ScarletWitch,ReesesPBcup
Spiderman,KitKat
ScarletWitch,Butterfinger
SheHulk,LaffyTaffy
Spiderman,LaffyTaffy
SheHulk,Snickers
Spiderman,Twix
Spiderman,Snickers
SheHulk,Butterfinger
Spiderman,Twix
CaptainAmerica,KitKat
BlackPanther,KitKat
BlackPanther,KitKat
SheHulk,KitKat
Spiderman,Snickers
Spiderman,Twix
SheHulk,KitKat
ScarletWitch,KitKat
SheHulk,Butterfinger
SheHulk,Butterfinger
CaptainAmerica,Snickers
BlackPanther,Snickers
BlackPanther,Snickers
SheHulk,KitKat
Spiderman,Butterfinger
SheHulk,Butterfinger
ScarletWitch,KitKat
CaptainAmerica,Butterfinger
SheHulk,Butterfinger
Spiderman,Butterfinger
SheHulk,KitKat
Spiderman,Butterfinger
Spiderman,Butterfinger
ScarletWitch,Snickers
SheHulk,KitKat
ScarletWitch,Snickers
CaptainAmerica,Twix
SheHulk,Twix
ScarletWitch,ReesesPBcup
Spiderman,ReesesPBcup
SheHulk,LaffyTaffy
SheHulk,LaffyTaffy
CaptainAmerica,ReesesPBcup
ScarletWitch,ReesesPBcup
ScarletWitch,LaffyTaffy
BlackPanther,Twix
BlackPanther,Twix
Spiderman,ReesesPBcup
ScarletWitch,ReesesPBcup
SheHulk,LaffyTaffy
CaptainAmerica,Snickers
BlackPanther,Twix
BlackPanther,Twix
SheHulk,LaffyTaffy
CaptainAmerica,ReesesPBcup
ScarletWitch,Twix
SheHulk,Twix
ScarletWitch,Snickers
ScarletWitch,LaffyTaffy
CaptainAmerica,Twix
BlackPanther,Twix
BlackPanther,LaffyTaffy
ScarletWitch,Twix
SheHulk,Twix
CaptainAmerica,LaffyTaffy
ScarletWitch,LaffyTaffy
CaptainAmerica,Twix
Spiderman,Twix
ScarletWitch,LaffyTaffy
ScarletWitch,Snickers
BlackPanther,Twix
BlackPanther,Twix
SheHulk,LaffyTaffy
CaptainAmerica,ReesesPBcup
Spiderman,ReesesPBcup
BlackPanther,Twix
BlackPanther,Twix
CaptainAmerica,ReesesPBcup
Spiderman,ReesesPBcup
SheHulk,LaffyTaffy
CaptainAmerica,LaffyTaffy
Spiderman,KitKat
ScarletWitch,KitKat
CaptainAmerica,Butterfinger
SheHulk,Butterfinger
BlackPanther,Snickers
BlackPanther,LaffyTaffy
Spiderman,ReesesPBcup
ScarletWitch,ReesesPBcup
ScarletWitch,ReesesPBcup
SheHulk,KitKat
CaptainAmerica,KitKat
BlackPanther,Butterfinger
BlackPanther,Butterfinger
CaptainAmerica,Snickers
Spiderman,ReesesPBcup
ScarletWitch,ReesesPBcup
CaptainAmerica,LaffyTaffy
SheHulk,Butterfinger
CaptainAmerica,KitKat
BlackPanther,Snickers
BlackPanther,LaffyTaffy
ScarletWitch,ReesesPBcup
ScarletWitch,ReesesPBcup
ScarletWitch,ReesesPBcup
Spiderman,KitKat
ScarletWitch,Butterfinger
SheHulk,LaffyTaffy
Spiderman,LaffyTaffy
SheHulk,Snickers
Spiderman,Butterfinger
Spiderman,Snickers
SheHulk,Butterfinger
Spiderman,Butterfinger
CaptainAmerica,KitKat
BlackPanther,KitKat
BlackPanther,KitKat
SheHulk,KitKat
Spiderman,Snickers
Spiderman,Butterfinger
SheHulk,KitKat
ScarletWitch,KitKat
SheHulk,Butterfinger
SheHulk,Butterfinger
CaptainAmerica,Snickers
BlackPanther,Snickers
BlackPanther,Snickers
SheHulk,KitKat
Spiderman,Butterfinger
SheHulk,Butterfinger
ScarletWitch,KitKat
CaptainAmerica,Butterfinger
SheHulk,Butterfinger
Spiderman,Butterfinger
SheHulk,KitKat
Spiderman,Butterfinger
Spiderman,Butterfinger
ScarletWitch,Snickers
SheHulk,KitKat
ScarletWitch,Snickers
CaptainAmerica,Twix
SheHulk,Twix
ScarletWitch,ReesesPBcup
Spiderman,ReesesPBcup
SheHulk,LaffyTaffy
SheHulk,LaffyTaffy
CaptainAmerica,ReesesPBcup
ScarletWitch,ReesesPBcup
ScarletWitch,LaffyTaffy
BlackPanther,Twix
BlackPanther,Twix
Spiderman,ReesesPBcup
ScarletWitch,ReesesPBcup
SheHulk,ReesesPBcup
CaptainAmerica,Snickers
BlackPanther,Twix
BlackPanther,Twix
SheHulk,ReesesPBcup
CaptainAmerica,ReesesPBcup
ScarletWitch,Twix
SheHulk,Twix
ScarletWitch,Snickers
ScarletWitch,LaffyTaffy
CaptainAmerica,Twix
BlackPanther,Twix
BlackPanther,LaffyTaffy
ScarletWitch,Twix
SheHulk,Twix
CaptainAmerica,LaffyTaffy
ScarletWitch,LaffyTaffy
CaptainAmerica,Twix
Spiderman,Twix
ScarletWitch,LaffyTaffy
ScarletWitch,Snickers
BlackPanther,Twix
BlackPanther,Twix
SheHulk,ReesesPBcup
CaptainAmerica,ReesesPBcup
Spiderman,ReesesPBcup
BlackPanther,Twix
BlackPanther,Twix
CaptainAmerica,ReesesPBcup
Spiderman,ReesesPBcup
SheHulk,ReesesPBcup
CaptainAmerica,LaffyTaffy
Spiderman,KitKat
ScarletWitch,KitKat
CaptainAmerica,Butterfinger
SheHulk,Butterfinger
BlackPanther,Snickers
BlackPanther,LaffyTaffy
Spiderman,ReesesPBcup
ScarletWitch,ReesesPBcup
ScarletWitch,ReesesPBcup
SheHulk,Snickers
CaptainAmerica,KitKat
BlackPanther,Butterfinger
BlackPanther,Butterfinger
CaptainAmerica,Snickers
Spiderman,ReesesPBcup
ScarletWitch,ReesesPBcup
CaptainAmerica,LaffyTaffy
SheHulk,Butterfinger
CaptainAmerica,KitKat
BlackPanther,Snickers
BlackPanther,LaffyTaffy
SheHulk,ReesesPBcup
ScarletWitch,ReesesPBcup
ScarletWitch,ReesesPBcup
Spiderman,KitKat
ScarletWitch,Butterfinger
SheHulk,LaffyTaffy
Spiderman,LaffyTaffy
SheHulk,Snickers
Spiderman,Butterfinger
Spiderman,Snickers
SheHulk,Butterfinger
Spiderman,Butterfinger
CaptainAmerica,KitKat
BlackPanther,KitKat
BlackPanther,KitKat
SheHulk,Snickers
Spiderman,Snickers
Spiderman,Butterfinger
SheHulk,Snickers
ScarletWitch,KitKat
SheHulk,Butterfinger
SheHulk,Butterfinger
CaptainAmerica,Snickers
BlackPanther,Snickers
BlackPanther,Snickers
SheHulk,Snickers
Spiderman,LaffyTaffy
SheHulk,Butterfinger
ScarletWitch,KitKat
CaptainAmerica,Butterfinger
SheHulk,Butterfinger
Spiderman,LaffyTaffy
SheHulk,Snickers
Spiderman,LaffyTaffy
Spiderman,LaffyTaffy
ScarletWitch,Snickers
SheHulk,KitKat
ScarletWitch,Snickers
CaptainAmerica,Twix
SheHulk,Twix
ScarletWitch,ReesesPBcup
Spiderman,ReesesPBcup
SheHulk,ReesesPBcup
SheHulk,ReesesPBcup
CaptainAmerica,ReesesPBcup
ScarletWitch,ReesesPBcup
ScarletWitch,LaffyTaffy
BlackPanther,Twix
BlackPanther,Twix
Spiderman,ReesesPBcup
ScarletWitch,ReesesPBcup
SheHulk,ReesesPBcup
CaptainAmerica,Snickers
BlackPanther,Twix
BlackPanther,Twix
SheHulk,ReesesPBcup
CaptainAmerica,ReesesPBcup
ScarletWitch,Twix
SheHulk,Twix
ScarletWitch,Snickers
ScarletWitch,LaffyTaffy
CaptainAmerica,Twix
BlackPanther,Twix
BlackPanther,LaffyTaffy
ScarletWitch,Twix
SheHulk,Twix
CaptainAmerica,LaffyTaffy
ScarletWitch,LaffyTaffy
CaptainAmerica,Twix
Spiderman,Twix
ScarletWitch,LaffyTaffy
ScarletWitch,Snickers
BlackPanther,Twix
BlackPanther,Twix
SheHulk,ReesesPBcup
CaptainAmerica,ReesesPBcup
Spiderman,ReesesPBcup
BlackPanther,Twix
BlackPanther,Twix
CaptainAmerica,ReesesPBcup
Spiderman,ReesesPBcup
SheHulk,ReesesPBcup
CaptainAmerica,LaffyTaffy
Spiderman,KitKat
ScarletWitch,KitKat
CaptainAmerica,Butterfinger
SheHulk,Butterfinger
BlackPanther,Snickers
BlackPanther,LaffyTaffy
Spiderman,ReesesPBcup
ScarletWitch,ReesesPBcup
ScarletWitch,ReesesPBcup
SheHulk,KitKat
CaptainAmerica,KitKat
BlackPanther,Butterfinger
BlackPanther,Butterfinger
CaptainAmerica,Snickers
Spiderman,ReesesPBcup
ScarletWitch,ReesesPBcup
CaptainAmerica,LaffyTaffy
SheHulk,Butterfinger
CaptainAmerica,KitKat
BlackPanther,Snickers
BlackPanther,LaffyTaffy
SheHulk,ReesesPBcup
ScarletWitch,ReesesPBcup
ScarletWitch,ReesesPBcup
Spiderman,KitKat
ScarletWitch,Butterfinger
SheHulk,LaffyTaffy
Spiderman,LaffyTaffy
SheHulk,Snickers
